{
"lengthUnit": "mil",
"components": {
	"fields": ["COMPONENT_NO", "COMPONENT_NAME", "LAYER", "X_COORDINATE", "Y_COORDINATE", "ANGLE"],
	"rows": [
		[1, "C1", "T", 1130.47, 2099.74, 180],
		[2, "C2", "T", 1132.91, 2005.6, 180],
		[3, "C3", "T", 1325, 1815, 90],
		[4, "C4", "T", 1235, 1815, 90],
		[5, "C5", "T", 1649.83, 2127.36, 270],
		[6, "C6", "T", 1730, 2130, 270],
		[7, "C7", "T", 988.93, 1920.65, 180],
		[8, "C8", "T", 1150, 1815, 90],
		[9, "C9", "T", 1150, 1585, 180],
		[10, "C12", "T", 722.38, 776.23, 315],
		[11, "C13", "T", 830, 670, 135],
		[12, "C14", "T", 1736.93, 575.51, 180],
		[13, "C15", "T", 1494.49, 1471.93, 225],
		[14, "C16", "T", 1555, 1415, 225],
		[15, "H1", "T", 1885, 2255, 0],
		[16, "H2", "T", 1450, 2255, 180],
		[17, "J1", "T", 78.74, 1181.1, 270],
		[18, "J2", "T", 2283.46, 1181.1, 270],
		[19, "LED1", "T", 985.17, 2099.04, 180],
		[20, "LED2", "T", 1930.7, 2124.7, 270],
		[21, "LED4", "T", 1594.64, 1154.12, 90],
		[22, "LED5", "T", 1684.2, 1154.12, 90],
		[23, "LED6", "T", 1773.76, 1154.12, 90],
		[24, "LED7", "T", 1863.32, 1154.12, 90],
		[25, "R1", "T", 428.89, 1943.14, 270],
		[26, "R2", "T", 568.65, 1943.14, 270],
		[27, "R3", "T", 498.77, 1943.14, 270],
		[28, "R4", "T", 638.52, 1943.14, 270],
		[29, "R5", "T", 988.86, 2007.72, 180],
		[30, "R6", "T", 1855.6, 2125.57, 270],
		[31, "R7", "T", 765, 1255, 270],
		[32, "R8", "T", 1649.66, 1985.34, 270],
		[33, "R9", "T", 1733.3, 1985.34, 90],
		[34, "R10", "T", 1150, 1505, 0],
		[35, "R11", "T", 1593.38, 1014.25, 270],
		[36, "R12", "T", 1681.83, 1014.25, 270],
		[37, "R13", "T", 1770.27, 1014.25, 270],
		[38, "R14", "T", 1858.72, 1014.25, 270],
		[39, "R15", "T", 580, 1255, 270],
		[40, "R16", "T", 405.08, 1257.18, 270],
		[41, "SW1", "T", 1012.94, 2246.06, 180],
		[42, "SW2", "T", 765, 1520, 270],
		[43, "SW3", "T", 1865, 1820, 270],
		[44, "SW4", "T", 585, 1525, 270],
		[45, "SW5", "T", 405, 1525, 270],
		[46, "U1", "T", 1130, 980, 225],
		[47, "U2", "T", 1440, 2035, 180],
		[48, "U3", "T", 1485, 115, 180],
		[49, "U4", "T", 975, 1730, 0],
		[50, "USB1", "T", 562.53, 2173.68, 180],
		[51, "X1", "T", 695, 645, 135]
	]
},
"pins": {
	"fields": ["PIN_NO", "PIN_NAME", "PIN_X", "PIN_Y", "LAYER", "PIN_TYPE", "NET_NAME", "NET_TYPE", "PAD_SHAPE", "PAD_SIZEX", "PAD_SIZEY", "HOLE_SIZE", "PAD_ANGLE"],
	"rows": [
		[1, "C1_1", 1158.03, 2099.74, "T", "SMD", "GND", "GND", "R", 31.5, 35.43, 0, 180],
		[2, "C1_2", 1102.91, 2099.74, "T", "SMD", "+5V", "", "R", 31.5, 35.43, 0, 180],
		[3, "C2_1", 1160.47, 2005.6, "T", "SMD", "GND", "GND", "R", 31.5, 35.43, 0, 180],
		[4, "C2_2", 1105.35, 2005.6, "T", "SMD", "+5V", "", "R", 31.5, 35.43, 0, 180],
		[5, "C3_1", 1325, 1787.44, "T", "SMD", "GND", "GND", "R", 31.5, 35.43, 0, 90],
		[6, "C3_2", 1325, 1842.56, "T", "SMD", "+5V", "", "R", 31.5, 35.43, 0, 90],
		[7, "C4_1", 1235, 1787.44, "T", "SMD", "GND", "GND", "R", 31.5, 35.43, 0, 90],
		[8, "C4_2", 1235, 1842.56, "T", "SMD", "+5V", "", "R", 31.5, 35.43, 0, 90],
		[9, "C5_1", 1649.83, 2154.92, "T", "SMD", "GND", "GND", "R", 31.5, 35.43, 0, 270],
		[10, "C5_2", 1649.83, 2099.8, "T", "SMD", "3V3", "", "R", 31.5, 35.43, 0, 270],
		[11, "C6_1", 1730, 2157.56, "T", "SMD", "GND", "GND", "R", 31.5, 35.43, 0, 270],
		[12, "C6_2", 1730, 2102.44, "T", "SMD", "3V3", "", "R", 31.5, 35.43, 0, 270],
		[13, "C7_1", 1016.49, 1920.65, "T", "SMD", "GND", "GND", "R", 31.5, 35.43, 0, 180],
		[14, "C7_2", 961.37, 1920.65, "T", "SMD", "$1N3751", "", "R", 31.5, 35.43, 0, 180],
		[15, "C8_1", 1150, 1787.44, "T", "SMD", "GND", "GND", "R", 31.5, 35.43, 0, 90],
		[16, "C8_2", 1150, 1842.56, "T", "SMD", "+5V", "", "R", 31.5, 35.43, 0, 90],
		[17, "C9_1", 1177.56, 1585, "T", "SMD", "GND", "GND", "R", 31.5, 35.43, 0, 180],
		[18, "C9_2", 1122.44, 1585, "T", "SMD", "$1N3863", "", "R", 31.5, 35.43, 0, 180],
		[19, "C12_1", 702.9, 795.72, "T", "SMD", "GND", "GND", "R", 31.5, 35.43, 0, 315],
		[20, "C12_2", 741.87, 756.74, "T", "SMD", "XTALO", "", "R", 31.5, 35.43, 0, 315],
		[21, "C13_1", 849.49, 650.51, "T", "SMD", "GND", "GND", "R", 31.5, 35.43, 0, 135],
		[22, "C13_2", 810.51, 689.49, "T", "SMD", "XTALI", "", "R", 31.5, 35.43, 0, 135],
		[23, "C14_1", 1764.49, 575.51, "T", "SMD", "GND", "GND", "R", 31.5, 35.43, 0, 180],
		[24, "C14_2", 1709.37, 575.51, "T", "SMD", "$2N802", "", "R", 31.5, 35.43, 0, 180],
		[25, "C15_1", 1513.98, 1491.42, "T", "SMD", "GND", "GND", "R", 31.5, 35.43, 0, 225],
		[26, "C15_2", 1475, 1452.44, "T", "SMD", "+5V", "", "R", 31.5, 35.43, 0, 225],
		[27, "C16_1", 1574.49, 1434.49, "T", "SMD", "GND", "GND", "R", 31.5, 35.43, 0, 225],
		[28, "C16_2", 1535.51, 1395.51, "T", "SMD", "+5V", "", "R", 31.5, 35.43, 0, 225],
		[29, "H1_1", 1735, 2255, "T", "DIP", "+5V", "", "R", 66.93, 66.93, 43.31, 0],
		[30, "H1_1", 1735, 2255, "B", "DIP", "+5V", "", "R", 66.93, 66.93, 43.31, 0],
		[31, "H1_2", 1835, 2255, "T", "DIP", "3V3", "", "C", 66.93, 66.93, 43.31, 0],
		[32, "H1_2", 1835, 2255, "B", "DIP", "3V3", "", "C", 66.93, 66.93, 43.31, 0],
		[33, "H1_3", 1935, 2255, "T", "DIP", "GND", "GND", "C", 66.93, 66.93, 43.31, 0],
		[34, "H1_3", 1935, 2255, "B", "DIP", "GND", "GND", "C", 66.93, 66.93, 43.31, 0],
		[35, "H1_4", 2035, 2255, "T", "DIP", "GND", "GND", "C", 66.93, 66.93, 43.31, 0],
		[36, "H1_4", 2035, 2255, "B", "DIP", "GND", "GND", "C", 66.93, 66.93, 43.31, 0],
		[37, "H2_1", 1600, 2255, "T", "DIP", "+5V", "", "R", 66.93, 66.93, 43.31, 180],
		[38, "H2_1", 1600, 2255, "B", "DIP", "+5V", "", "R", 66.93, 66.93, 43.31, 180],
		[39, "H2_2", 1500, 2255, "T", "DIP", "D-", "", "C", 66.93, 66.93, 43.31, 180],
		[40, "H2_2", 1500, 2255, "B", "DIP", "D-", "", "C", 66.93, 66.93, 43.31, 180],
		[41, "H2_3", 1400, 2255, "T", "DIP", "D+", "", "C", 66.93, 66.93, 43.31, 180],
		[42, "H2_3", 1400, 2255, "B", "DIP", "D+", "", "C", 66.93, 66.93, 43.31, 180],
		[43, "H2_4", 1300, 2255, "T", "DIP", "GND", "GND", "C", 66.93, 66.93, 43.31, 180],
		[44, "H2_4", 1300, 2255, "B", "DIP", "GND", "GND", "C", 66.93, 66.93, 43.31, 180],
		[45, "J1_1", 78.74, 2131.1, "T", "DIP", "P5_3", "", "R", 70.87, 70.87, 47.24, 270],
		[46, "J1_1", 78.74, 2131.1, "B", "DIP", "P5_3", "", "R", 70.87, 70.87, 47.24, 270],
		[47, "J1_2", 78.74, 2031.1, "T", "DIP", "P1_5", "", "C", 70.87, 70.87, 47.24, 270],
		[48, "J1_2", 78.74, 2031.1, "B", "DIP", "P1_5", "", "C", 70.87, 70.87, 47.24, 270],
		[49, "J1_3", 78.74, 1931.1, "T", "DIP", "P1_6", "", "C", 70.87, 70.87, 47.24, 270],
		[50, "J1_3", 78.74, 1931.1, "B", "DIP", "P1_6", "", "C", 70.87, 70.87, 47.24, 270],
		[51, "J1_4", 78.74, 1831.1, "T", "DIP", "P1_7", "", "C", 70.87, 70.87, 47.24, 270],
		[52, "J1_4", 78.74, 1831.1, "B", "DIP", "P1_7", "", "C", 70.87, 70.87, 47.24, 270],
		[53, "J1_5", 78.74, 1731.1, "T", "DIP", "P4_3", "", "C", 70.87, 70.87, 47.24, 270],
		[54, "J1_5", 78.74, 1731.1, "B", "DIP", "P4_3", "", "C", 70.87, 70.87, 47.24, 270],
		[55, "J1_6", 78.74, 1631.1, "T", "DIP", "P3_2", "", "C", 70.87, 70.87, 47.24, 270],
		[56, "J1_6", 78.74, 1631.1, "B", "DIP", "P3_2", "", "C", 70.87, 70.87, 47.24, 270],
		[57, "J1_7", 78.74, 1531.1, "T", "DIP", "P3_3", "", "C", 70.87, 70.87, 47.24, 270],
		[58, "J1_7", 78.74, 1531.1, "B", "DIP", "P3_3", "", "C", 70.87, 70.87, 47.24, 270],
		[59, "J1_8", 78.74, 1431.1, "T", "DIP", "KEY1", "", "C", 70.87, 70.87, 47.24, 270],
		[60, "J1_8", 78.74, 1431.1, "B", "DIP", "KEY1", "", "C", 70.87, 70.87, 47.24, 270],
		[61, "J1_9", 78.74, 1331.1, "T", "DIP", "KEY2", "", "C", 70.87, 70.87, 47.24, 270],
		[62, "J1_9", 78.74, 1331.1, "B", "DIP", "KEY2", "", "C", 70.87, 70.87, 47.24, 270],
		[63, "J1_10", 78.74, 1231.1, "T", "DIP", "P3_6", "", "C", 70.87, 70.87, 47.24, 270],
		[64, "J1_10", 78.74, 1231.1, "B", "DIP", "P3_6", "", "C", 70.87, 70.87, 47.24, 270],
		[65, "J1_11", 78.74, 1131.1, "T", "DIP", "P3_7", "", "C", 70.87, 70.87, 47.24, 270],
		[66, "J1_11", 78.74, 1131.1, "B", "DIP", "P3_7", "", "C", 70.87, 70.87, 47.24, 270],
		[67, "J1_12", 78.74, 1031.1, "T", "DIP", "P4_0", "", "C", 70.87, 70.87, 47.24, 270],
		[68, "J1_12", 78.74, 1031.1, "B", "DIP", "P4_0", "", "C", 70.87, 70.87, 47.24, 270],
		[69, "J1_13", 78.74, 931.1, "T", "DIP", "P2_0", "", "C", 70.87, 70.87, 47.24, 270],
		[70, "J1_13", 78.74, 931.1, "B", "DIP", "P2_0", "", "C", 70.87, 70.87, 47.24, 270],
		[71, "J1_14", 78.74, 831.1, "T", "DIP", "P2_1", "", "C", 70.87, 70.87, 47.24, 270],
		[72, "J1_14", 78.74, 831.1, "B", "DIP", "P2_1", "", "C", 70.87, 70.87, 47.24, 270],
		[73, "J1_15", 78.74, 731.1, "T", "DIP", "P2_2", "", "C", 70.87, 70.87, 47.24, 270],
		[74, "J1_15", 78.74, 731.1, "B", "DIP", "P2_2", "", "C", 70.87, 70.87, 47.24, 270],
		[75, "J1_16", 78.74, 631.1, "T", "DIP", "P2_3", "", "C", 70.87, 70.87, 47.24, 270],
		[76, "J1_16", 78.74, 631.1, "B", "DIP", "P2_3", "", "C", 70.87, 70.87, 47.24, 270],
		[77, "J1_17", 78.74, 531.1, "T", "DIP", "P2_4", "", "C", 70.87, 70.87, 47.24, 270],
		[78, "J1_17", 78.74, 531.1, "B", "DIP", "P2_4", "", "C", 70.87, 70.87, 47.24, 270],
		[79, "J1_18", 78.74, 431.1, "T", "DIP", "P5_0", "", "C", 70.87, 70.87, 47.24, 270],
		[80, "J1_18", 78.74, 431.1, "B", "DIP", "P5_0", "", "C", 70.87, 70.87, 47.24, 270],
		[81, "J1_19", 78.74, 331.1, "T", "DIP", "GND", "GND", "C", 70.87, 70.87, 47.24, 270],
		[82, "J1_19", 78.74, 331.1, "B", "DIP", "GND", "GND", "C", 70.87, 70.87, 47.24, 270],
		[83, "J1_20", 78.74, 231.1, "T", "DIP", "GND", "GND", "C", 70.87, 70.87, 47.24, 270],
		[84, "J1_20", 78.74, 231.1, "B", "DIP", "GND", "GND", "C", 70.87, 70.87, 47.24, 270],
		[85, "J2_1", 2283.46, 2131.1, "T", "DIP", "P5_2", "", "R", 70.87, 70.87, 47.24, 270],
		[86, "J2_1", 2283.46, 2131.1, "B", "DIP", "P5_2", "", "R", 70.87, 70.87, 47.24, 270],
		[87, "J2_2", 2283.46, 2031.1, "T", "DIP", "P1_4", "", "C", 70.87, 70.87, 47.24, 270],
		[88, "J2_2", 2283.46, 2031.1, "B", "DIP", "P1_4", "", "C", 70.87, 70.87, 47.24, 270],
		[89, "J2_3", 2283.46, 1931.1, "T", "DIP", "P1_1", "", "C", 70.87, 70.87, 47.24, 270],
		[90, "J2_3", 2283.46, 1931.1, "B", "DIP", "P1_1", "", "C", 70.87, 70.87, 47.24, 270],
		[91, "J2_4", 2283.46, 1831.1, "T", "DIP", "P1_0", "", "C", 70.87, 70.87, 47.24, 270],
		[92, "J2_4", 2283.46, 1831.1, "B", "DIP", "P1_0", "", "C", 70.87, 70.87, 47.24, 270],
		[93, "J2_5", 2283.46, 1731.1, "T", "DIP", "P4_2", "", "C", 70.87, 70.87, 47.24, 270],
		[94, "J2_5", 2283.46, 1731.1, "B", "DIP", "P4_2", "", "C", 70.87, 70.87, 47.24, 270],
		[95, "J2_6", 2283.46, 1631.1, "T", "DIP", "P0_0", "", "C", 70.87, 70.87, 47.24, 270],
		[96, "J2_6", 2283.46, 1631.1, "B", "DIP", "P0_0", "", "C", 70.87, 70.87, 47.24, 270],
		[97, "J2_7", 2283.46, 1531.1, "T", "DIP", "P0_1", "", "C", 70.87, 70.87, 47.24, 270],
		[98, "J2_7", 2283.46, 1531.1, "B", "DIP", "P0_1", "", "C", 70.87, 70.87, 47.24, 270],
		[99, "J2_8", 2283.46, 1431.1, "T", "DIP", "P0_2", "", "C", 70.87, 70.87, 47.24, 270],
		[100, "J2_8", 2283.46, 1431.1, "B", "DIP", "P0_2", "", "C", 70.87, 70.87, 47.24, 270],
		[101, "J2_9", 2283.46, 1331.1, "T", "DIP", "P0_3", "", "C", 70.87, 70.87, 47.24, 270],
		[102, "J2_9", 2283.46, 1331.1, "B", "DIP", "P0_3", "", "C", 70.87, 70.87, 47.24, 270],
		[103, "J2_10", 2283.46, 1231.1, "T", "DIP", "LED1", "", "C", 70.87, 70.87, 47.24, 270],
		[104, "J2_10", 2283.46, 1231.1, "B", "DIP", "LED1", "", "C", 70.87, 70.87, 47.24, 270],
		[105, "J2_11", 2283.46, 1131.1, "T", "DIP", "LED2", "", "C", 70.87, 70.87, 47.24, 270],
		[106, "J2_11", 2283.46, 1131.1, "B", "DIP", "LED2", "", "C", 70.87, 70.87, 47.24, 270],
		[107, "J2_12", 2283.46, 1031.1, "T", "DIP", "LED3", "", "C", 70.87, 70.87, 47.24, 270],
		[108, "J2_12", 2283.46, 1031.1, "B", "DIP", "LED3", "", "C", 70.87, 70.87, 47.24, 270],
		[109, "J2_13", 2283.46, 931.1, "T", "DIP", "LED4", "", "C", 70.87, 70.87, 47.24, 270],
		[110, "J2_13", 2283.46, 931.1, "B", "DIP", "LED4", "", "C", 70.87, 70.87, 47.24, 270],
		[111, "J2_14", 2283.46, 831.1, "T", "DIP", "P4_6", "", "C", 70.87, 70.87, 47.24, 270],
		[112, "J2_14", 2283.46, 831.1, "B", "DIP", "P4_6", "", "C", 70.87, 70.87, 47.24, 270],
		[113, "J2_15", 2283.46, 731.1, "T", "DIP", "P4_1", "", "C", 70.87, 70.87, 47.24, 270],
		[114, "J2_15", 2283.46, 731.1, "B", "DIP", "P4_1", "", "C", 70.87, 70.87, 47.24, 270],
		[115, "J2_16", 2283.46, 631.1, "T", "DIP", "P4_5", "", "C", 70.87, 70.87, 47.24, 270],
		[116, "J2_16", 2283.46, 631.1, "B", "DIP", "P4_5", "", "C", 70.87, 70.87, 47.24, 270],
		[117, "J2_17", 2283.46, 531.1, "T", "DIP", "P2_7", "", "C", 70.87, 70.87, 47.24, 270],
		[118, "J2_17", 2283.46, 531.1, "B", "DIP", "P2_7", "", "C", 70.87, 70.87, 47.24, 270],
		[119, "J2_18", 2283.46, 431.1, "T", "DIP", "P2_6", "", "C", 70.87, 70.87, 47.24, 270],
		[120, "J2_18", 2283.46, 431.1, "B", "DIP", "P2_6", "", "C", 70.87, 70.87, 47.24, 270],
		[121, "J2_19", 2283.46, 331.1, "T", "DIP", "P2_5", "", "C", 70.87, 70.87, 47.24, 270],
		[122, "J2_19", 2283.46, 331.1, "B", "DIP", "P2_5", "", "C", 70.87, 70.87, 47.24, 270],
		[123, "J2_20", 2283.46, 231.1, "T", "DIP", "P5_1", "", "C", 70.87, 70.87, 47.24, 270],
		[124, "J2_20", 2283.46, 231.1, "B", "DIP", "P5_1", "", "C", 70.87, 70.87, 47.24, 270],
		[125, "LED1_1", 1018.67, 2099.44, "T", "SMD", "GND", "GND", "R", 31.5, 31.5, 0, 270],
		[126, "LED1_2", 955.67, 2099.24, "T", "SMD", "$1N1689", "", "R", 31.5, 31.5, 0, 270],
		[127, "LED2_1", 1930.3, 2158.2, "T", "SMD", "GND", "GND", "R", 31.5, 31.5, 0, 0],
		[128, "LED2_2", 1930.5, 2095.2, "T", "SMD", "$1N3306", "", "R", 31.5, 31.5, 0, 0],
		[129, "LED4_1", 1595.04, 1120.62, "T", "SMD", "$2N3730", "", "R", 31.5, 31.5, 0, 180],
		[130, "LED4_2", 1594.84, 1183.62, "T", "SMD", "+5V", "", "R", 31.5, 31.5, 0, 180],
		[131, "LED5_1", 1684.6, 1120.62, "T", "SMD", "$2N3732", "", "R", 31.5, 31.5, 0, 180],
		[132, "LED5_2", 1684.4, 1183.62, "T", "SMD", "+5V", "", "R", 31.5, 31.5, 0, 180],
		[133, "LED6_1", 1774.16, 1120.62, "T", "SMD", "$2N3734", "", "R", 31.5, 31.5, 0, 180],
		[134, "LED6_2", 1773.96, 1183.62, "T", "SMD", "+5V", "", "R", 31.5, 31.5, 0, 180],
		[135, "LED7_1", 1863.72, 1120.62, "T", "SMD", "$2N3736", "", "R", 31.5, 31.5, 0, 180],
		[136, "LED7_2", 1863.52, 1183.62, "T", "SMD", "+5V", "", "R", 31.5, 31.5, 0, 180],
		[137, "R1_1", 428.89, 1972.8, "T", "SMD", "$1N1012", "", "R", 31.75, 34.02, 0, 270],
		[138, "R1_2", 428.89, 1913.48, "T", "SMD", "GND", "GND", "R", 31.75, 34.02, 0, 270],
		[139, "R2_1", 568.65, 1972.8, "T", "SMD", "$1N847", "", "R", 31.75, 34.02, 0, 270],
		[140, "R2_2", 568.65, 1913.48, "T", "SMD", "D-", "", "R", 31.75, 34.02, 0, 270],
		[141, "R3_1", 498.77, 1972.8, "T", "SMD", "$1N819", "", "R", 31.75, 34.02, 0, 270],
		[142, "R3_2", 498.77, 1913.48, "T", "SMD", "D+", "", "R", 31.75, 34.02, 0, 270],
		[143, "R4_1", 638.52, 1972.8, "T", "SMD", "$1N1016", "", "R", 31.75, 34.02, 0, 270],
		[144, "R4_2", 638.52, 1913.48, "T", "SMD", "GND", "GND", "R", 31.75, 34.02, 0, 270],
		[145, "R5_1", 1018.52, 2007.72, "T", "SMD", "+5V", "", "R", 31.75, 34.02, 0, 180],
		[146, "R5_2", 959.2, 2007.72, "T", "SMD", "$1N1689", "", "R", 31.75, 34.02, 0, 180],
		[147, "R6_1", 1855.6, 2155.23, "T", "SMD", "3V3", "", "R", 31.75, 34.02, 0, 270],
		[148, "R6_2", 1855.6, 2095.91, "T", "SMD", "$1N3306", "", "R", 31.75, 34.02, 0, 270],
		[149, "R7_1", 765, 1284.66, "T", "SMD", "$2N462", "", "R", 31.75, 34.02, 0, 270],
		[150, "R7_2", 765, 1225.34, "T", "SMD", "GND", "GND", "R", 31.75, 34.02, 0, 270],
		[151, "R8_1", 1649.66, 2015, "T", "SMD", "$2N2370", "", "R", 31.75, 34.02, 0, 270],
		[152, "R8_2", 1649.66, 1955.68, "T", "SMD", "3V3", "", "R", 31.75, 34.02, 0, 270],
		[153, "R9_1", 1733.3, 1955.68, "T", "SMD", "P3_2", "", "R", 31.75, 34.02, 0, 90],
		[154, "R9_2", 1733.3, 2015, "T", "SMD", "$2N2370", "", "R", 31.75, 34.02, 0, 90],
		[155, "R10_1", 1120.34, 1505, "T", "SMD", "$1N3863", "", "R", 31.75, 34.02, 0, 0],
		[156, "R10_2", 1179.66, 1505, "T", "SMD", "+5V", "", "R", 31.75, 34.02, 0, 0],
		[157, "R11_1", 1593.38, 1043.91, "T", "SMD", "$2N3730", "", "R", 31.75, 34.02, 0, 270],
		[158, "R11_2", 1593.38, 984.59, "T", "SMD", "LED1", "", "R", 31.75, 34.02, 0, 270],
		[159, "R12_1", 1681.83, 1043.91, "T", "SMD", "$2N3732", "", "R", 31.75, 34.02, 0, 270],
		[160, "R12_2", 1681.83, 984.59, "T", "SMD", "LED2", "", "R", 31.75, 34.02, 0, 270],
		[161, "R13_1", 1770.27, 1043.91, "T", "SMD", "$2N3734", "", "R", 31.75, 34.02, 0, 270],
		[162, "R13_2", 1770.27, 984.59, "T", "SMD", "LED3", "", "R", 31.75, 34.02, 0, 270],
		[163, "R14_1", 1858.72, 1043.91, "T", "SMD", "$2N3736", "", "R", 31.75, 34.02, 0, 270],
		[164, "R14_2", 1858.72, 984.59, "T", "SMD", "LED4", "", "R", 31.75, 34.02, 0, 270],
		[165, "R15_1", 580, 1284.66, "T", "SMD", "$2N4037", "", "R", 31.75, 34.02, 0, 270],
		[166, "R15_2", 580, 1225.34, "T", "SMD", "KEY1", "", "R", 31.75, 34.02, 0, 270],
		[167, "R16_1", 405.08, 1286.84, "T", "SMD", "$2N4054", "", "R", 31.75, 34.02, 0, 270],
		[168, "R16_2", 405.08, 1227.52, "T", "SMD", "KEY2", "", "R", 31.75, 34.02, 0, 270],
		[169, "SW1_1", 1091.68, 2246.06, "T", "DIP", "+5V", "", "O", 62.99, 62.99, 39.37, 0],
		[170, "SW1_1", 1091.68, 2246.06, "B", "DIP", "+5V", "", "O", 62.99, 62.99, 39.37, 0],
		[171, "SW1_2", 1012.94, 2246.06, "T", "DIP", "5V_USB", "", "O", 62.99, 62.99, 39.37, 0],
		[172, "SW1_2", 1012.94, 2246.06, "B", "DIP", "5V_USB", "", "O", 62.99, 62.99, 39.37, 0],
		[173, "SW1_3", 934.2, 2246.06, "T", "DIP", "SW1_3", "", "O", 62.99, 62.99, 39.37, 0],
		[174, "SW1_3", 934.2, 2246.06, "B", "DIP", "SW1_3", "", "O", 62.99, 62.99, 39.37, 0],
		[175, "SW1_4", 847.59, 2246.06, "T", "DIP", "GND", "GND", "O", 118.11, 78.74, 70.87, 90],
		[176, "SW1_4", 847.59, 2246.06, "B", "DIP", "GND", "GND", "O", 118.11, 78.74, 70.87, 90],
		[177, "SW1_5", 1178.29, 2246.06, "T", "DIP", "GND", "GND", "O", 118.11, 78.74, 70.87, 90],
		[178, "SW1_5", 1178.29, 2246.06, "B", "DIP", "GND", "GND", "O", 118.11, 78.74, 70.87, 90],
		[179, "SW2_1", 765, 1671.58, "T", "SMD", "NRST", "", "R", 70.87, 60, 0, 270],
		[180, "SW2_2", 765, 1368.42, "T", "SMD", "$2N462", "", "R", 70.87, 60, 0, 270],
		[181, "SW3_1", 1865, 1971.58, "T", "SMD", "$2N2370", "", "R", 70.87, 60, 0, 270],
		[182, "SW3_2", 1865, 1668.42, "T", "SMD", "GND", "GND", "R", 70.87, 60, 0, 270],
		[183, "SW4_1", 585, 1676.58, "T", "SMD", "GND", "GND", "R", 70.87, 60, 0, 270],
		[184, "SW4_2", 585, 1373.42, "T", "SMD", "$2N4037", "", "R", 70.87, 60, 0, 270],
		[185, "SW5_1", 405, 1676.58, "T", "SMD", "GND", "GND", "R", 70.87, 60, 0, 270],
		[186, "SW5_2", 405, 1373.42, "T", "SMD", "$2N4054", "", "R", 70.87, 60, 0, 270],
		[187, "U1_1", 1092.14, 1170.98, "T", "SMD", "P5_3", "", "R", 11.02, 63.78, 0, 225],
		[188, "U1_2", 1078.22, 1157.05, "T", "SMD", "P1_5", "", "R", 11.02, 63.78, 0, 225],
		[189, "U1_3", 1064.3, 1143.14, "T", "SMD", "P1_6", "", "R", 11.02, 63.78, 0, 225],
		[190, "U1_4", 1050.38, 1129.21, "T", "SMD", "P1_7", "", "R", 11.02, 63.78, 0, 225],
		[191, "U1_5", 1036.46, 1115.3, "T", "SMD", "NRST", "", "R", 11.02, 63.78, 0, 225],
		[192, "U1_6", 1022.54, 1101.37, "T", "SMD", "D-", "", "R", 11.02, 63.78, 0, 225],
		[193, "U1_7", 1008.63, 1087.46, "T", "SMD", "P4_3", "", "R", 11.02, 63.78, 0, 225],
		[194, "U1_8", 994.7, 1073.54, "T", "SMD", "D+", "", "R", 11.02, 63.78, 0, 225],
		[195, "U1_9", 980.79, 1059.62, "T", "SMD", "P3_2", "", "R", 11.02, 63.78, 0, 225],
		[196, "U1_10", 966.86, 1045.7, "T", "SMD", "P3_3", "", "R", 11.02, 63.78, 0, 225],
		[197, "U1_11", 952.95, 1031.78, "T", "SMD", "KEY1", "", "R", 11.02, 63.78, 0, 225],
		[198, "U1_12", 939.02, 1017.86, "T", "SMD", "KEY2", "", "R", 11.02, 63.78, 0, 225],
		[199, "U1_13", 939.02, 942.14, "T", "SMD", "P3_6", "", "R", 63.78, 11.02, 0, 225],
		[200, "U1_14", 952.95, 928.22, "T", "SMD", "P3_7", "", "R", 63.78, 11.02, 0, 225],
		[201, "U1_15", 966.86, 914.3, "T", "SMD", "XTALO", "", "R", 63.78, 11.02, 0, 225],
		[202, "U1_16", 980.79, 900.38, "T", "SMD", "XTALI", "", "R", 63.78, 11.02, 0, 225],
		[203, "U1_17", 994.7, 886.46, "T", "SMD", "GND", "GND", "R", 63.78, 11.02, 0, 225],
		[204, "U1_18", 1008.63, 872.54, "T", "SMD", "P4_0", "", "R", 63.78, 11.02, 0, 225],
		[205, "U1_19", 1022.54, 858.63, "T", "SMD", "P2_0", "", "R", 63.78, 11.02, 0, 225],
		[206, "U1_20", 1036.46, 844.7, "T", "SMD", "P2_1", "", "R", 63.78, 11.02, 0, 225],
		[207, "U1_21", 1050.38, 830.79, "T", "SMD", "P2_2", "", "R", 63.78, 11.02, 0, 224.226],
		[208, "U1_22", 1064.3, 816.86, "T", "SMD", "P2_3", "", "R", 63.78, 11.02, 0, 225],
		[209, "U1_23", 1078.22, 802.95, "T", "SMD", "P2_4", "", "R", 63.78, 11.02, 0, 225],
		[210, "U1_24", 1092.14, 789.02, "T", "SMD", "P5_0", "", "R", 63.78, 11.02, 0, 225],
		[211, "U1_25", 1167.86, 789.02, "T", "SMD", "P5_1", "", "R", 11.02, 63.78, 0, 224.226],
		[212, "U1_26", 1181.78, 802.95, "T", "SMD", "P2_5", "", "R", 11.02, 63.78, 0, 225],
		[213, "U1_27", 1195.7, 816.86, "T", "SMD", "P2_6", "", "R", 11.02, 63.78, 0, 225],
		[214, "U1_28", 1209.62, 830.79, "T", "SMD", "P2_7", "", "R", 11.02, 63.78, 0, 225],
		[215, "U1_29", 1223.54, 844.7, "T", "SMD", "$2N802", "", "R", 11.02, 63.78, 0, 225],
		[216, "U1_30", 1237.46, 858.63, "T", "SMD", "P4_5", "", "R", 11.02, 63.78, 0, 225],
		[217, "U1_31", 1251.37, 872.54, "T", "SMD", "P4_1", "", "R", 11.02, 63.78, 0, 225],
		[218, "U1_32", 1265.3, 886.46, "T", "SMD", "P4_6", "", "R", 11.02, 63.78, 0, 225],
		[219, "U1_33", 1279.21, 900.38, "T", "SMD", "LED4", "", "R", 11.02, 63.78, 0, 225],
		[220, "U1_34", 1293.14, 914.3, "T", "SMD", "LED3", "", "R", 11.02, 63.78, 0, 225],
		[221, "U1_35", 1307.05, 928.22, "T", "SMD", "LED2", "", "R", 11.02, 63.78, 0, 225],
		[222, "U1_36", 1320.98, 942.14, "T", "SMD", "LED1", "", "R", 11.02, 63.78, 0, 225],
		[223, "U1_37", 1320.98, 1017.86, "T", "SMD", "P0_3", "", "R", 63.78, 11.02, 0, 225],
		[224, "U1_38", 1307.05, 1031.78, "T", "SMD", "P0_2", "", "R", 63.78, 11.02, 0, 225],
		[225, "U1_39", 1293.14, 1045.7, "T", "SMD", "P0_1", "", "R", 63.78, 11.02, 0, 225],
		[226, "U1_40", 1279.21, 1059.62, "T", "SMD", "P0_0", "", "R", 63.78, 11.02, 0, 225],
		[227, "U1_41", 1265.3, 1073.54, "T", "SMD", "+5V", "", "R", 63.78, 11.02, 0, 225],
		[228, "U1_42", 1251.37, 1087.46, "T", "SMD", "P4_2", "", "R", 63.78, 11.02, 0, 225],
		[229, "U1_43", 1237.46, 1101.37, "T", "SMD", "P1_0", "", "R", 63.78, 11.02, 0, 225],
		[230, "U1_44", 1223.54, 1115.3, "T", "SMD", "P1_1", "", "R", 63.78, 11.02, 0, 225],
		[231, "U1_45", 1209.62, 1129.21, "T", "SMD", "P1_2", "", "R", 63.78, 11.02, 0, 225],
		[232, "U1_46", 1195.7, 1143.14, "T", "SMD", "P1_3", "", "R", 63.78, 11.02, 0, 225],
		[233, "U1_47", 1181.78, 1157.05, "T", "SMD", "P1_4", "", "R", 63.78, 11.02, 0, 225],
		[234, "U1_48", 1167.86, 1170.98, "T", "SMD", "P5_2", "", "R", 63.78, 11.02, 0, 225],
		[235, "U2_1", 1323.07, 2125.55, "T", "SMD", "GND", "GND", "R", 98.42, 43.31, 0, 180],
		[236, "U2_2", 1323.07, 2035, "T", "SMD", "3V3", "", "R", 98.42, 43.31, 0, 180],
		[237, "U2_3", 1323.07, 1944.45, "T", "SMD", "+5V", "", "R", 98.42, 43.31, 0, 180],
		[238, "U2_4", 1556.93, 2035, "T", "SMD", "3V3", "", "R", 92.13, 141.73, 0, 180],
		[239, "U3_1", 1635, 115, "T", "DIP", "GND", "GND", "C", 70.87, 70.87, 41.34, 180],
		[240, "U3_1", 1635, 115, "B", "DIP", "GND", "GND", "C", 70.87, 70.87, 41.34, 180],
		[241, "U3_2", 1535, 115, "T", "DIP", "3V3", "", "C", 70.87, 70.87, 41.34, 180],
		[242, "U3_2", 1535, 115, "B", "DIP", "3V3", "", "C", 70.87, 70.87, 41.34, 180],
		[243, "U3_3", 1435, 115, "T", "DIP", "P2_4", "", "C", 70.87, 70.87, 41.34, 180],
		[244, "U3_3", 1435, 115, "B", "DIP", "P2_4", "", "C", 70.87, 70.87, 41.34, 180],
		[245, "U3_4", 1335, 115, "T", "DIP", "P2_3", "", "C", 70.87, 70.87, 41.34, 180],
		[246, "U3_4", 1335, 115, "B", "DIP", "P2_3", "", "C", 70.87, 70.87, 41.34, 180],
		[247, "U4_1", 900, 1624.39, "T", "SMD", "D+", "", "O", 24.8, 73.42, 0, 0],
		[248, "U4_2", 950, 1624.39, "T", "SMD", "D-", "", "O", 24.8, 73.42, 0, 0],
		[249, "U4_3", 1000, 1624.39, "T", "SMD", "GND", "GND", "O", 24.8, 73.42, 0, 0],
		[250, "U4_4", 1050, 1624.39, "T", "SMD", "$1N3863", "", "O", 24.8, 73.42, 0, 0],
		[251, "U4_5", 1050, 1835.61, "T", "SMD", "+5V", "", "O", 24.8, 73.42, 0, 0],
		[252, "U4_6", 1000, 1835.61, "T", "SMD", "P1_2", "", "O", 24.8, 73.42, 0, 0],
		[253, "U4_7", 950, 1835.61, "T", "SMD", "P1_3", "", "O", 24.8, 73.42, 0, 0],
		[254, "U4_8", 900, 1835.61, "T", "SMD", "$1N3751", "", "O", 24.8, 73.42, 0, 0],
		[255, "USB1_1", 688.52, 2080.17, "T", "SMD", "GND", "GND", "R", 21.65, 43.31, 0, 180],
		[256, "USB1_2", 657.02, 2080.17, "T", "SMD", "5V_USB", "", "R", 21.65, 43.31, 0, 180],
		[257, "USB1_3", 631.43, 2080.17, "T", "SMD", "USB1_3", "", "R", 11.81, 43.31, 0, 180],
		[258, "USB1_4", 611.74, 2080.17, "T", "SMD", "$1N1016", "", "R", 11.81, 43.31, 0, 180],
		[259, "USB1_5", 592.06, 2080.17, "T", "SMD", "$1N847", "", "R", 11.81, 43.31, 0, 180],
		[260, "USB1_6", 572.38, 2080.17, "T", "SMD", "$1N819", "", "R", 11.81, 43.31, 0, 180],
		[261, "USB1_7", 552.69, 2080.17, "T", "SMD", "$1N847", "", "R", 11.81, 43.31, 0, 180],
		[262, "USB1_8", 533.01, 2080.17, "T", "SMD", "$1N819", "", "R", 11.81, 43.31, 0, 180],
		[263, "USB1_9", 513.32, 2080.17, "T", "SMD", "USB1_9", "", "R", 11.81, 43.31, 0, 180],
		[264, "USB1_10", 493.63, 2080.17, "T", "SMD", "$1N1012", "", "R", 11.81, 43.31, 0, 180],
		[265, "USB1_11", 468.04, 2080.17, "T", "SMD", "5V_USB", "", "R", 21.65, 43.31, 0, 180],
		[266, "USB1_12", 436.55, 2080.17, "T", "SMD", "GND", "GND", "R", 21.65, 43.31, 0, 180],
		[267, "USB1_13", 732.81, 2101.82, "T", "DIP", "GND", "GND", "O", 43.31, 78.74, 59.05, 180],
		[268, "USB1_13", 732.81, 2101.82, "B", "DIP", "GND", "GND", "O", 43.31, 78.74, 59.05, 180],
		[269, "USB1_13", 732.81, 2267.18, "T", "DIP", "GND", "GND", "O", 47.24, 70.87, 47.24, 180],
		[270, "USB1_13", 732.81, 2267.18, "B", "DIP", "GND", "GND", "O", 47.24, 70.87, 47.24, 180],
		[271, "USB1_14", 392.26, 2101.82, "T", "DIP", "GND", "GND", "O", 43.31, 78.74, 59.06, 180],
		[272, "USB1_14", 392.26, 2101.82, "B", "DIP", "GND", "GND", "O", 43.31, 78.74, 59.06, 180],
		[273, "USB1_14", 392.26, 2267.18, "T", "DIP", "GND", "GND", "O", 47.24, 70.87, 47.24, 180],
		[274, "USB1_14", 392.26, 2267.18, "B", "DIP", "GND", "GND", "O", 47.24, 70.87, 47.24, 180],
		[275, "X1_1", 730.5, 609.5, "T", "SMD", "XTALI", "", "R", 41.34, 66.93, 0, 135],
		[276, "X1_2", 659.5, 680.5, "T", "SMD", "XTALO", "", "R", 41.34, 66.93, 0, 135]
	]
}
}